/*
SQLyog Community v9.63 
MySQL - 5.5.32 : Database - automation_setonus
*********************************************************************
*/


/*!40101 SET NAMES utf8 */;

/*!40101 SET SQL_MODE=''*/;

/*!40014 SET @OLD_UNIQUE_CHECKS=@@UNIQUE_CHECKS, UNIQUE_CHECKS=0 */;
/*!40014 SET @OLD_FOREIGN_KEY_CHECKS=@@FOREIGN_KEY_CHECKS, FOREIGN_KEY_CHECKS=0 */;
/*!40101 SET @OLD_SQL_MODE=@@SQL_MODE, SQL_MODE='NO_AUTO_VALUE_ON_ZERO' */;
/*!40111 SET @OLD_SQL_NOTES=@@SQL_NOTES, SQL_NOTES=0 */;
CREATE DATABASE /*!32312 IF NOT EXISTS*/`qa_automation_setonus` /*!40100 DEFAULT CHARACTER SET latin1 */;

USE `qa_automation_setonus`;

/*Table structure for table `category1` */

DROP TABLE IF EXISTS `category1`;

CREATE TABLE `category1` (
  `id` int(11) NOT NULL AUTO_INCREMENT,
  `name` varchar(255) DEFAULT NULL,
  `locator` varchar(255) DEFAULT NULL,
  `link` varchar(255) DEFAULT NULL,
  `rank` int(11) DEFAULT NULL,
  PRIMARY KEY (`id`)
) ENGINE=InnoDB AUTO_INCREMENT=11 DEFAULT CHARSET=latin1;

/*Data for the table `category1` */

insert  into `category1`(`id`,`name`,`locator`,`link`,`rank`) values (1,'Custom Products','.nav-left-home > li:nth-child(1)','custom-products.html',1),(2,'Asset Tags','.nav-left-home > li:nth-child(2)','asset-tags.html',2),(3,'Labels & Decals','.nav-left-home > li:nth-child(3)','labels-decals.html',3),(4,'Pipe Markers & Valve Tags','.nav-left-home > li:nth-child(4)','pipe-markers-valve-tags.html',4),(5,'Safety & Security','.nav-left-home > li:nth-child(5)','safety-security.html',5),(6,'Signs','.nav-left-home > li:nth-child(6)','signs.html',6),(7,'Tags','.nav-left-home > li:nth-child(7)','tags.html',7),(8,'Tapes','.nav-left-home > li:nth-child(8)','tapes.html',8),(9,'Traffic & Parking Controls','.nav-left-home > li:nth-child(9)','traffic-parking-controls.html',9),(10,'Warehouse, Shipping & Maintenance','.nav-left-home > li:nth-child(10)','warehouse-shipping-maintenance.html',10);

/*Table structure for table `category2` */

DROP TABLE IF EXISTS `category2`;

CREATE TABLE `category2` (
  `id` int(11) NOT NULL AUTO_INCREMENT,
  `name` varchar(255) DEFAULT NULL,
  `locator` varchar(255) DEFAULT NULL,
  `link` varchar(255) DEFAULT NULL,
  `rank` int(11) DEFAULT NULL,
  `category1_id` int(11) DEFAULT NULL,
  PRIMARY KEY (`id`)
) ENGINE=InnoDB AUTO_INCREMENT=129 DEFAULT CHARSET=latin1;

/*Data for the table `category2` */

insert  into `category2`(`id`,`name`,`locator`,`link`,`rank`,`category1_id`) values (1,'Custom Traffic & Parking Signs','Custom Traffic & Parking Signs','custom-products/custom-traffic-parking-signs.html',1,1),(2,'Custom Signs','Custom Signs','custom-products/custom-signs.html',2,1),(3,'Custom Safety & Security','Custom Safety & Security Signs','custom-products/custom-safety-security-signs.html',3,1),(4,'Custom Seals','Custom Seals','custom-products/custom-seals.html',4,1),(5,'Custom Labels','Custom Labels','custom-products/custom-labels.html',5,1),(6,'Custom Pipe Markers','Custom Pipe Markers','custom-products/custom-pipe-markers.html',6,1),(7,'Custom Tags','Custom Tags','custom-products/custom-tags.html',7,1),(8,'Custom Asset ID Labels','Custom Asset ID Labels','custom-products/custom-asset-id-labels.html',8,1),(9,'Custom Nameplates','Custom Nameplates','custom-products/custom-nameplates.html',9,1),(10,'Custom Tapes','Custom Tapes','custom-products/custom-tapes.html',10,1),(11,'Custom Parking Permits','Custom Parking Permits','custom-products/custom-parking-permits.html',11,1),(12,'Custom Valve Tags','Custom Valve Tags','custom-products/custom-valve-tags.html',12,1),(13,'More Custom Products','More Custom Products','custom-products/more-custom-products.html',13,1),(14,'Bar Coded/Non Bar Coded ID Tags','Bar Coded/Non Bar Coded ID Tags','asset-tags/asset-id-tags-bar-code.html',1,2),(15,'Tamper Evident Asset Tags','Tamper Evident Asset Tags','asset-tags/tamper-evident.html',2,2),(16,'Nameplates','Nameplates','asset-tags/nameplates.html',3,2),(17,'Asset Management Software/Hardware','Asset Management Software/Hardware','asset-tags/asset-management-software-hardware.html',4,2),(18,'Most Popular Asset Tags','Most Popular Asset Tags','asset-tags/most-popular.html',5,2),(19,'OSHA & Safety Labels & Decals','OSHA & Safety Labels & Decals','labels-decals/osha-safety.html',4,3),(20,'Inventory & Inspection Labels & Decals','Inventory & Inspection Labels & Decals','labels-decals/inventory-inspection.html',3,3),(21,'Printers & Supplies','Printers & Supplies','labels-decals/printers-supplies.html',7,3),(22,'Shipping & Transportation Labels & Decals','Shipping & Transportation Labels & Decals','labels-decals/shipping-transportation.html',8,3),(23,'Custom Labels & Decals','Custom Labels & Decals','labels-decals/custom.html',5,3),(24,'Parking Decals & Labels','Parking Decals & Labels','labels-decals/parking-decals-labels.html',5,3),(25,'Pipe Marker Labels','Pipe Marker Labels','labels-decals/pipe-marker-labels.html',6,3),(26,'Asset ID & Bar Code Labels','Asset ID & Bar Code Labels','labels-decals/asset-id-barcode.html',1,3),(27,'Custom Pipe Markers','Custom Pipe Markers','pipe-markers-valve-tags/custom-pipe-markers.html',1,4),(28,'Equipment Nameplates','Equipment Nameplates','pipe-markers-valve-tags/equipment-nameplates.html',2,4),(29,'Label Makers & Supplies','Label Makers & Supplies','pipe-markers-valve-tags/label-makers-supplies.html',3,4),(30,'Pipe Stencils & Supplies','Pipe Stencils & Supplies','pipe-markers-valve-tags/stencils-supplies.html',4,4),(31,'Pipe Markers','Pipe Markers','pipe-markers-valve-tags/pipe-markers.html',5,4),(32,'Valve Tags','Valve Tags','pipe-markers-valve-tags/valve-tags.html',6,4),(33,'Flammable Storage & Chemical Safety','Flammable Storage & Chemical Safety','safety-security/flammable-storage.html',5,5),(34,'Lockout & Electrical','Lockout & Electrical','safety-security/lockout-electrical.html',6,5),(35,'Seals & Tie Markers','Seals & Tie Markers','safety-security/seals-tie-markers.html',9,5),(36,'Safety','Safety','safety-security/safety.html',8,5),(37,'Badges & ID Management','Badges & ID Management','safety-security/badges-id-management.html',1,5),(38,'Security','Security','safety-security/security.html',10,5),(39,'Personal Protective Equipment (PPE)','Personal Protective Equipment (PPE)','safety-security/ppe-personal-protective-equipment.html',7,5),(40,'First Aid','First Aid','safety-security/first-aid.html',4,5),(41,'Spill Response & Control','Spill Response & Control','safety-security/spill-response-control.html',11,5),(42,'Biohazard Response & Control','Biohazard Response & Control','safety-security/biohazard-response-and-control.html',2,5),(43,'Eyewash & Equipment','Eyewash & Equipment','safety-security/eyewash-and-equipment.html',3,5),(45,'Traffic and Parking Signs','Traffic and Parking Signs','signs/traffic-parking.html',14,6),(46,'Eco-Friendly Safety Signs','Eco-Friendly Safety Signs','signs/eco-friendly-safety-signs.html',2,6),(47,'OSHA Safety Signs','OSHA Safety Signs','signs/osha-safety-signs.html',10,6),(48,'Office and Engraved Signs','Office and Engraved Signs','signs/office-engraved.html',9,6),(49,'Fire and Exit Signs','Fire and Exit Signs','signs/fire-exit.html',4,6),(50,'Sign Posts and Accessories','Sign Posts and Accessories','signs/sign-posts-accessories.html',14,6),(51,'Security Signs','Security Signs','signs/security-signage.html',12,6),(52,'Facility Signs','Facility Signs','signs/facility-1.html',3,6),(53,'Warehouse Signs','Warehouse Signs','signs/warehouse-1.html',15,6),(54,'Shipping and Truck Signs','Shipping and Truck Signs','signs/shipping-truck-signs.html',13,6),(55,'No Smoking Signs','No Smoking Signs','signs/no-smoking.html',8,6),(56,'First Aid Signs','First Aid Signs','signs/first-aid.html',5,6),(57,'Message Boards','Message Boards','signs/message-boards.html',6,6),(58,'Posters & Charts','Posters & Charts','signs/posters-charts.html',11,6),(59,'Mining Signs','Mining Signs','signs/mining-signs.html',7,6),(60,'Banners and Flags','Banners and Flags','signs/banners-flags.html',1,6),(61,'Asset Tags','Asset Tags','tags/asset-tags.html',1,7),(62,'OSHA & Safety Tags','OSHA & Safety Tags','tags/osha-safety-tags.html',6,7),(63,'Inspection Tags','Inspection Tags','tags/inspection.html',4,7),(64,'Shipping & Packing Tapes','Shipping & Packing Tapes','tapes/shipping-packing-tapes.html',5,8),(65,'Inventory and Equipment Tags','Inventory and Equipment Tags','tags/inventory-equipment.html',5,7),(66,'Tag Fasteners & Holders','Tag Fasteners & Holders','tags/tag-fasteners-holders.html',8,7),(67,'Parking Tags','Parking Tags','tags/parking-tags.html',7,7),(68,'Custom Tags','Custom Tags','tags/custom.html',3,7),(69,'Valve Tags','Valve Tags','tags/valve-tags.html',9,7),(70,'Marking Tape & Flags','Marking Tape & Flags','tapes/marking-tape-flags.html',2,8),(71,'Barricade Tape','Barricade Tape','tapes/barricade-tape.html',1,8),(72,'Underground Utility Marking Tape','Underground Utility Marking Tape','tapes/underground-utility-marking-tape.html',6,8),(73,'Pipe Banding Tape','Pipe Banding Tape','tapes/pipe-banding-tape.html',3,8),(74,'Printer Tapes, Ribbons & Cartridges','Printer Tapes, Ribbons & Cartridges','tapes/printer-tapes-ribbons-cartridges.html',4,8),(75,'Traffic and Parking Signs','Traffic and Parking Signs','traffic-parking-controls/traffic-parking-signs.html',4,9),(76,'Sign Posts, Delineators and Bollards','Sign Posts, Delineators and Bollards','traffic-parking-controls/posts-delineators-hardware.html',3,9),(77,'Traffic Cones & Barricades','Traffic Cones & Barricades','traffic-parking-controls/cones-barricades.html',5,9),(78,'Parking Lot Supplies','Parking Lot Supplies','traffic-parking-controls/parking-lot.html',1,9),(79,'Pedestrian / Crosswalk Safety','Pedestrian / Crosswalk Safety','traffic-parking-controls/pedestrian-crosswalk-safety.html',2,9),(80,'Warehouse Products','Warehouse Products','warehouse-shipping-maintenance/warehouse.html',9,10),(81,'Shipping & Transportation Products','Shipping & Transportation Products','warehouse-shipping-maintenance/shipping-transportation.html',7,10),(82,'Maintenance & Supplies','Maintenance & Supplies','warehouse-shipping-maintenance/maintenance-supplies.html',5,10),(83,'Grounds','Grounds','warehouse-shipping-maintenance/grounds.html',1,10),(84,'Janitorial & Sanitation','Janitorial & Sanitation','warehouse-shipping-maintenance/janitorial-supplies.html',2,10),(85,'Material Handling','Material Handling','warehouse-shipping-maintenance/material-handling.html',6,10),(86,'Maintenance & Repair','Maintenance & Repair','warehouse-shipping-maintenance/maintenance-repair.html',4,10),(87,'Spill Control','Spill Control','warehouse-shipping-maintenance/spill-control.html',8,10),(88,'Lean Manufacturing','Lean Manufacturing','warehouse-shipping-maintenance/lean-manufacturing.html',3,10),(128,'Blank Tags','Blank Tags','tags/blank-1.html',2,7);

/*Table structure for table `category3` */

DROP TABLE IF EXISTS `category3`;

CREATE TABLE `category3` (
  `id` int(11) NOT NULL AUTO_INCREMENT,
  `name` varchar(255) DEFAULT NULL,
  `locator` varchar(255) DEFAULT NULL,
  `link` varchar(255) DEFAULT NULL,
  `rank` int(11) DEFAULT NULL,
  `category2_id` int(11) DEFAULT NULL,
  PRIMARY KEY (`id`)
) ENGINE=InnoDB AUTO_INCREMENT=179 DEFAULT CHARSET=latin1;

/*Data for the table `category3` */

insert  into `category3`(`id`,`name`,`locator`,`link`,`rank`,`category2_id`) values (1,'Custom School Zone Safety Signs','Custom School Zone Safety Signs','custom-products/custom-traffic-parking-signs/custom-school-zone-safety-signs.html',1,1),(2,'Custom Parking Signs','Custom Parking Signs','custom-products/custom-traffic-parking-signs/custom-parking-signs.html',2,1),(3,'Custom Traffic Cones & Signs','Custom Traffic Cones & Signs','custom-products/custom-traffic-parking-signs/custom-traffic-cones-signs.html',3,1),(4,'Custom Safety Signs','Custom Safety Signs','custom-products/custom-signs/custom-safety-signs.html',1,2),(5,'Custom Braille Signs','Custom Braille Signs','custom-products/custom-signs/custom-braille-signs.html',2,2),(6,'Custom Fire & Exit Signs','Custom Fire & Exit Signs','custom-products/custom-signs/custom-fire-exit-signs.html',3,2),(7,'Custom Workplace Signs','Custom Workplace Signs','custom-products/custom-safety-security-signs/custom-workplace-signs.html',1,3),(8,'Custom Security Signs','Custom Security Signs','custom-products/custom-safety-security-signs/custom-security-signs.html',2,3),(9,'Custom OSHA Signs','Custom OSHA Signs','custom-products/custom-safety-security-signs/custom-osha-signs.html',3,3),(10,'Custom Plastic Seals','Custom Plastic Seals','custom-products/custom-seals/custom-plastic-seals.html',1,4),(11,'Custom Wire Seals','Custom Wire Seals','custom-products/custom-seals/wire-seals.html',2,4),(12,'Custom Cable Seals','Custom Cable Seals','custom-products/custom-seals/custom-cable-seals.html',3,4),(13,'Custom Inventory Labels','Custom Inventory Labels','custom-products/custom-labels/custom-inventory-labels.html',1,5),(14,'Custom Specialty Labels','Custom Specialty Labels','custom-products/custom-labels/custom-specialty-labels.html',2,5),(15,'Custom OSHA Labels','Custom OSHA Labels','custom-products/custom-labels/custom-osha-labels.html',3,5),(16,'Custom Self-Adhesive Pipe Markers','Custom Self-Adhesive Pipe Markers','custom-products/custom-pipe-markers/custom-self-adhesive-pipe-markers.html',1,6),(17,'Custom Stencils','Custom Stencils','custom-products/custom-pipe-markers/custom-stencils.html',2,6),(18,'Custom Snap Around Pipe Markers','Custom Snap Around Pipe Markers','custom-products/custom-pipe-markers/custom-snap-around-pipe-markers.html',3,6),(19,'Custom OSHA Tags','Custom OSHA Tags','custom-products/custom-tags/custom-osha-tags.html',1,7),(20,'Custom Lockout Tags','Custom Lockout Tags','custom-products/custom-tags/custom-lockout-tags.html',2,7),(21,'Custom Valve Tags','Custom Valve Tags','custom-products/custom-tags/custom-valve-tags.html',3,7),(22,'Custom Bar Code Labels','Custom Bar Code Labels','custom-products/custom-asset-id-labels/custom-bar-code-labels.html',1,8),(23,'Custom Duraguard Asset Tags','Custom Duraguard Asset Tags','custom-products/custom-asset-id-labels/custom-duraguard-asset-tags.html',2,8),(24,'Custom Quickguard Asset Tags','Custom Quickguard Asset Tags','custom-products/custom-asset-id-labels/custom-quickguard-asset-tags.html',3,8),(25,'Custom Stamped Valve Tags','Custom Stamped Valve Tags','custom-products/custom-valve-tags/custom-stamped-valve-tags.html',1,12),(26,'Custom Engraved Valve Tags','Custom Engraved Valve Tags','custom-products/custom-valve-tags/custom-engraved-valve-tags.html',2,12),(27,'Custom Wristbands','Custom Wristbands','custom-products/more-custom-products/custom-wristbands.html',1,13),(28,'Custom Floor Markers','Custom Floor Markers','custom-products/more-custom-products/custom-floor-markers.html',2,13),(29,'Custom Badges','Custom Badges','custom-products/more-custom-products/custom-badges.html',3,13),(30,'Bar Coded Asset Tags','Bar Coded Asset Tags','asset-tags/asset-id-tags-bar-code/bar-coded.html',1,14),(31,'Non Bar Coded Asset Tags','Non Bar Coded Asset Tags','asset-tags/asset-id-tags-bar-code/non-bar-coded.html',2,14),(32,'Software','Software','asset-tags/asset-management-software-hardware/software.html',1,17),(33,'Bar Code Scanners and Portable Data Terminals','Bar Code Scanners and Portable Data Terminals','asset-tags/asset-management-software-hardware/scanners-portable-data-terminals.html',2,17),(34,'Printers','Printers','asset-tags/asset-management-software-hardware/printers.html',3,17),(35,'OSHA Labels & Decals','OSHA Labels & Decals','labels-decals/osha-safety/osha.html',1,19),(36,'Safety Labels & Decals','Safety Labels & Decals','labels-decals/osha-safety/safety.html',2,19),(37,'Right-to-Know & HazCom Labels','Right-to-Know & HazCom Labels','labels-decals/osha-safety/right-to-know-hazcom.html',3,19),(38,'Inventory','Inventory','labels-decals/inventory-inspection/inventory.html',1,20),(39,'Calibration Labels','Calibration Labels','labels-decals/inventory-inspection/calibration.html',2,20),(40,'Maintenance & Service Labels','Maintenance & Service Labels','labels-decals/inventory-inspection/maintenance-service-labels.html',3,20),(41,'Ribbons, Cartridges & Tapes','Ribbons, Cartridges & Tapes','labels-decals/printers-supplies/ribbons-cartridges-tapes.html',1,21),(42,'Printers & Labeling Machines','Printers & Labeling Machines','labels-decals/printers-supplies/printers-labeling-machines.html',2,21),(43,'Printer Labels','Printer Labels','labels-decals/printers-supplies/printer-labels.html',3,21),(44,'Shipping','Shipping','labels-decals/shipping-transportation/shipping.html',1,22),(45,'Hazardous Materials','Hazardous Materials','labels-decals/shipping-transportation/hazardous-material.html',2,22),(46,'Roll-Form','Roll-Form','labels-decals/custom/roll-form.html',1,23),(47,'Harsh Environment','Harsh Environment','labels-decals/custom/harsh-environment.html',2,23),(48,'Decals','Decals','labels-decals/custom/decals.html',3,23),(49,'Custom Nameplates','Custom Nameplates','pipe-markers-valve-tags/equipment-nameplates/custom.html',1,28),(50,'Plastic Nameplates','Plastic Nameplates','pipe-markers-valve-tags/equipment-nameplates/plastic.html',2,28),(51,'Brass Nameplates','Brass Nameplates','pipe-markers-valve-tags/equipment-nameplates/brass.html',3,28),(52,'Self-Adhesive Pipe Markers','Self-Adhesive Pipe Markers','pipe-markers-valve-tags/pipe-markers/self-adhesive.html',1,31),(53,'Snap-Around Pipe Markers','Snap-Around Pipe Markers','pipe-markers-valve-tags/pipe-markers/snap-around.html',2,31),(54,'Custom Pipe Markers','Custom Pipe Markers','pipe-markers-valve-tags/pipe-markers/custom.html',3,31),(55,'Brass Valve Tags','Brass Valve Tags','pipe-markers-valve-tags/valve-tags/brass.html',1,32),(56,'Stainless Steel & Aluminum Valve Tags','Stainless Steel & Aluminum Valve Tags','pipe-markers-valve-tags/valve-tags/stainless-steel-aluminum.html',2,32),(57,'Plastic & Vinyl Valve Tags','Plastic & Vinyl Valve Tags','pipe-markers-valve-tags/valve-tags/plastic-vinyl.html',3,32),(58,'Labels','Labels','safety-security/flammable-storage/labels.html',1,33),(59,'Hazardous Storage & Transport','Hazardous Storage & Transport','safety-security/flammable-storage/hazardous-storage-transport.html',2,33),(60,'Tags','Tags','safety-security/flammable-storage/tags.html',3,33),(61,'Lockout & Electrical Labels','Lockout & Electrical Labels','safety-security/lockout-electrical/labels.html',1,34),(62,'Electrical Labels & Wire Markers','Electrical Labels & Wire Markers','safety-security/lockout-electrical/electrical-labels-wire-markers.html',2,34),(63,'Lockout Kits & Cabinets','Lockout Kits & Cabinets','safety-security/lockout-electrical/lockout-kits-cabinets.html',3,34),(64,'Indicative Seals','Indicative Seals','safety-security/seals-tie-markers/indicative-seals.html',1,35),(65,'Custom Seals','Custom Seals','safety-security/seals-tie-markers/custom.html',2,35),(66,'C-TPAT Seals','C-TPAT Seals','safety-security/seals-tie-markers/c-tpat-seals.html',3,35),(67,'Fire Extinguishers','Fire Extinguishers','safety-security/safety/fire-extinguishers.html',1,36),(68,'MSDS','MSDS','safety-security/safety/msds.html',2,36),(69,'Posters & Wallcharts','Posters & Wallcharts','safety-security/safety/posters-wallcharts.html',3,36),(70,'Badges & Name Tags','Badges & Name Tags','safety-security/badges-id-management/badges-name-tags.html',1,37),(71,'Badge Holders & Inserts','Badge Holders & Inserts','safety-security/badges-id-management/badge-holders-inserts.html',2,37),(72,'Visitor & Temporary Badges','Visitor & Temporary Badges','safety-security/badges-id-management/visitor-badges-temporary-badges.html',3,37),(73,'Permits','Permits','safety-security/security/permits.html',1,38),(74,'Mirrors','Mirrors','safety-security/security/mirrors.html',2,38),(75,'Key Control','Key Control','safety-security/security/key-control.html',3,38),(76,'Eye Protection','Eye Protection','safety-security/ppe-personal-protective-equipment/safety-eyewear.html',1,39),(77,'Hand Protection','Hand Protection','safety-security/ppe-personal-protective-equipment/gloves.html',2,39),(78,'Protective Clothing','Protective Clothing','safety-security/ppe-personal-protective-equipment/protective-clothing.html',3,39),(79,'First Aid Kits','First Aid Kits','safety-security/first-aid/first-aid-kits.html',1,40),(80,'First Aid Signs','First Aid Signs','safety-security/first-aid/first-aid-signs.html',2,40),(81,'First Aid Labels & Decals','First Aid Labels & Decals','safety-security/first-aid/first-aid-labels-and-decals.html',3,40),(82,'Spill Containment','Spill Containment','safety-security/spill-response-control/spill-containment.html',1,41),(83,'Spill Kits','Spill Kits','safety-security/spill-response-control/spill-kits.html',2,41),(84,'Enviro-Friendly','Enviro-Friendly','safety-security/spill-response-control/enviro-friendly.html',3,41),(85,'Biohazard Signs','Biohazard Signs','safety-security/biohazard-response-and-control/biohazard-signs.html',1,42),(86,'Biohazard Labels','Biohazard Labels','safety-security/biohazard-response-and-control/biohazard-labels.html',2,42),(87,'Bloodborne Pathogen Kits and Cleanup Kits','Bloodborne Pathogen Kits and Cleanup Kits','safety-security/biohazard-response-and-control/bloodborne-pathogen-kits.html',3,42),(88,'Eyewash Stations','Eyewash Stations','safety-security/eyewash-and-equipment/eyewash-stations.html',1,43),(89,'Drench Showers','Drench Showers','safety-security/eyewash-and-equipment/drench-showers.html',2,43),(90,'Eyewash Solutions','Eyewash Solutions','safety-security/eyewash-and-equipment/eyewash-solutions.html',3,43),(91,'No Parking Signs','No Parking Signs','signs/traffic-parking/no-parking-signs.html',1,45),(92,'Crosswalk Signs','Crosswalk Signs','signs/traffic-parking/crosswalk-signs.html',2,45),(93,'Stop Signs','Stop Signs','signs/traffic-parking/stop-signs.html',3,45),(94,'OSHA Header Signs','OSHA Header Signs','signs/osha-safety-signs/osha-header-signs.html',1,47),(95,'Bilingual/Universal Signs','Bilingual/Universal Signs','signs/osha-safety-signs/blilingual-universal-signs.html',2,47),(96,'Roadside & Jobsite Safety Signs','Roadside & Jobsite Safety Signs','signs/osha-safety-signs/roadside-jobsite-safety-signs.html',3,47),(97,'ADA Signs','ADA Signs','signs/office-engraved/ada-signs.html',1,48),(98,'Engraved Signs','Engraved Signs','signs/office-engraved/engraved-signs.html',2,48),(99,'Sign Frames & Holders','Sign Frames & Holders','signs/office-engraved/engraved-signs.html',3,48),(100,'Fire Equipment & Extinguisher Signs','Fire Equipment & Extinguisher Signs','signs/fire-exit/fire-equipment-signs.html',1,49),(101,'Evacuation Signs','Evacuation Signs','signs/fire-exit/evacuation-signs.html',2,49),(102,'Exit Signs','Exit Signs','signs/fire-exit/exit-signs.html',3,49),(103,'Sign Posts','Sign Posts','signs/sign-posts-accessories/sign-posts.html',1,50),(104,'Sign Hardware & Accessories','Sign Hardware & Accessories','signs/sign-posts-accessories/sign-hardware-accessories.html',2,50),(105,'Security Camera/Surveillance Signs','Security Camera/Surveillance Signs','signs/security-signage/security-camera-surveillance-signs.html',1,51),(106,'No Trespassing/Loitering Signs','No Trespassing/Loitering Signs','signs/security-signage/no-trespassing-loitering-signs.html',2,51),(107,'Evacuation Signs','Evacuation Signs','signs/security-signage/evacuation-signs.html',3,51),(108,'Floor Signs & Floor Stands','Floor Signs & Floor Stands','signs/facility-1/floor-signs-floor-stands.html',1,52),(109,'Housekeeping & Cafeteria Signs','Housekeeping & Cafeteria Signs','signs/facility-1/housekeeping-cafeteria-signs.html',2,52),(110,'Trash & Recycling Signs','Trash & Recycling Signs','signs/facility-1/trash-recycling-dumpster-signs.html',3,52),(111,'Letters & Numbers','Letters & Numbers','signs/warehouse-1/letters-numbers.html',1,53),(112,'Aisle & Pole Marking Signs','Aisle & Pole Marking Signs','signs/warehouse-1/aisle-pole-marking-signs.html',2,53),(113,'In-Plant Traffic Signs','In-Plant Traffic Signs','signs/warehouse-1/in-plant-traffic-signs.html',3,53),(114,'Vehicle Placards & Safety Signs','Vehicle Placards & Safety Signs','signs/shipping-truck-signs/vehicle-placards-safety-signs.html',1,54),(115,'Loading Dock Signs','Loading Dock Signs','signs/shipping-truck-signs/loading-dock-signs.html',2,54),(116,'Security Signs','Security Signs','signs/shipping-truck-signs/security-signs.html',3,54),(119,'Magnetic Boards & Accessories','Magnetic Boards & Accessories','signs/message-boards/magnetic-boards-accessories.html',1,57),(120,'Holders','Holders','signs/message-boards/holders.html',2,57),(121,'Custom Message Boards','Custom Message Boards','signs/message-boards/custom.html',3,57),(122,'Safety Posters & Charts','Safety Posters & Charts','signs/posters-charts/safety.html',1,58),(123,'Hazard/MSDS Posters & Charts','Hazard/MSDS Posters & Charts','signs/posters-charts/hazard-msds.html',2,58),(124,'Banners and Accessories','Banners and Accessories','signs/banners-flags/banners.html',1,60),(125,'Flags & Flag Poles','Flags & Flag Poles','signs/banners-flags/flags-flag-poles.html',2,60),(126,'Bar Coded/Non Bar Coded ID Tags','Bar Coded/Non Bar Coded ID Tags','asset-tags/asset-id-tags-bar-code.html',1,61),(127,'Tamper Evident Asset Tags','Tamper Evident Asset Tags','asset-tags/tamper-evident.html',2,61),(128,'Nameplates','Nameplates','asset-tags/nameplates.html',3,61),(129,'Paper Tags','Paper Tags','tags/blank-1/paper.html',1,128),(130,'Tyvek Tags','Tyvek Tags','tags/blank-1/tyvek.html',2,128),(131,'Metal Tags','Metal Tags','tags/blank-1/metal-1.html',3,128),(132,'Envelopes','Envelopes','tags/tag-fasteners-holders/envelopes.html',1,66),(133,'Key Tags','Key Tags','tags/tag-fasteners-holders/key-tags.html',2,66),(134,'Tag Holders','Tag Holders','tags/tag-fasteners-holders/tag-holders.html',3,66),(135,'Floor/Aisle Marking Tape','Floor/Aisle Marking Tape','tapes/marking-tape-flags/floor-aisle-marking-tape.html',1,70),(136,'Flagging Tape, Flags & Pennants','Flagging Tape, Flags & Pennants','tapes/marking-tape-flags/flagging-tape-flags-pennants.html',2,70),(137,'Reflective & Luminous Tape','Reflective & Luminous Tape','tapes/marking-tape-flags/reflective-luminous-tape.html',3,70),(138,'Custom Printed Shipping Tape','Custom Printed Shipping Tape','tapes/shipping-packing-tapes/custom.html',1,64),(139,'Packing & Carton Sealing','Packing & Carton Sealing','tapes/shipping-packing-tapes/packing-carton-sealing.html',2,64),(140,'Standard Barricade Tape','Standard Barricade Tape','tapes/barricade-tape/standard.html',1,71),(141,'Custom Barricade Tape','Custom Barricade Tape','tapes/barricade-tape/custom.html',2,71),(142,'No Parking Signs','No Parking Signs','traffic-parking-controls/traffic-parking-signs/no-parking-signs.html',1,75),(143,'Stop Signs','Stop Signs','traffic-parking-controls/traffic-parking-signs/stop-signs.html',2,75),(144,'Traffic Signs','Traffic Signs','traffic-parking-controls/traffic-parking-signs/traffic-signs.html',3,75),(145,'Sign Posts','Sign Posts','traffic-parking-controls/posts-delineators-hardware/sign-posts.html',1,76),(146,'Delineators','Delineators','traffic-parking-controls/posts-delineators-hardware/delineators.html',2,76),(147,'Sign Mounting Hardware','Sign Mounting Hardware','traffic-parking-controls/posts-delineators-hardware/sign-mounting-hardware.html',3,76),(148,'Stanchions','Stanchions','traffic-parking-controls/cones-barricades/stanchions.html',1,77),(149,'Barricades','Barricades','traffic-parking-controls/cones-barricades/barricades.html',2,77),(150,'Barricade Tape','Barricade Tape','traffic-parking-controls/cones-barricades/barricade-tape.html',3,77),(151,'Speed Bumps, Humps & Curbs','Speed Bumps, Humps & Curbs','traffic-parking-controls/parking-lot/speed-bumps-humps-curbs.html',1,78),(152,'Cones & Accessories','Cones & Accessories','traffic-parking-controls/parking-lot/cones-accessories.html',2,78),(153,'Passes & Permits','Passes & Permits','traffic-parking-controls/parking-lot/passes-permits.html',3,78),(154,'Portable/Moveable Crosswalk Signs & Stands','Portable/Moveable Crosswalk Signs & Stands','traffic-parking-controls/pedestrian-crosswalk-safety/portable-moveable-crosswalk-signs-stands.html',1,79),(155,'Paddles & Vests','Paddles & Vests','traffic-parking-controls/pedestrian-crosswalk-safety/paddles-vests.html',2,79),(156,'Document Holders','Document Holders','warehouse-shipping-maintenance/warehouse/document-holders.html',1,80),(157,'Floor Marking','Floor Marking','warehouse-shipping-maintenance/warehouse/floor-marking.html',2,80),(158,'Mats & Carpets','Mats & Carpets','warehouse-shipping-maintenance/warehouse/mats-carpets.html',3,80),(159,'Labels','Labels','warehouse-shipping-maintenance/shipping-transportation/labels.html',1,81),(160,'Tape & Packaging','Tape & Packaging','warehouse-shipping-maintenance/shipping-transportation/tape-packaging.html',2,81),(161,'Strapping Kits & Accessories','Strapping Kits & Accessories','warehouse-shipping-maintenance/shipping-transportation/strapping-kits-accessories.html',3,81),(162,'Safety Cones','Safety Cones','warehouse-shipping-maintenance/maintenance-supplies/safety-cones.html',1,82),(163,'Floor Stands','Floor Stands','warehouse-shipping-maintenance/maintenance-supplies/floor-stand-safety-cones.html',2,82),(164,'Cleaning & Janitorial Supplies','Cleaning & Janitorial Supplies','warehouse-shipping-maintenance/maintenance-supplies/cleaning-janitorial-supplies.html',3,82),(165,'Trash Cans & Ash Receptacles','Trash Cans & Ash Receptacles','warehouse-shipping-maintenance/grounds/trash-cans-ash-receptacles.html',1,83),(166,'Outdoor Furniture and Fixtures','Outdoor Furniture and Fixtures','warehouse-shipping-maintenance/grounds/outdoor-furniture-fixtures.html',2,83),(167,'Trash & Recycling','Trash & Recycling','warehouse-shipping-maintenance/janitorial-supplies/trash-recycling.html',1,84),(168,'Cleaning Tools','Cleaning Tools','warehouse-shipping-maintenance/janitorial-supplies/cleaning-tools.html',2,84),(169,'Towels & Tissues','Towels & Tissues','warehouse-shipping-maintenance/janitorial-supplies/towels-tissues.html',3,84),(170,'Ladders & Steps','Ladders & Steps','warehouse-shipping-maintenance/material-handling/ladders-platforms.html',1,85),(171,'Carts and Trucks','Carts and Trucks','warehouse-shipping-maintenance/material-handling/utility-stock-carts.html',2,85),(172,'Workbenches & Tables','Workbenches & Tables','warehouse-shipping-maintenance/material-handling/workbenches-tables.html',3,85),(173,'Power Tools','Power Tools','warehouse-shipping-maintenance/maintenance-repair/power-tools.html',1,86),(174,'Hand Tools','Hand Tools','warehouse-shipping-maintenance/maintenance-repair/hand-tools.html',2,86),(175,'Chemicals, Lubricants & Paints','Chemicals, Lubricants & Paints','warehouse-shipping-maintenance/maintenance-repair/chemicals-lubricants-paints.html',3,86),(176,'5S','5S','warehouse-shipping-maintenance/lean-manufacturing/5s.html',1,88),(177,'Kanban','Kanban','warehouse-shipping-maintenance/lean-manufacturing/kanban.html',2,88),(178,'Training Materials','Training Materials','warehouse-shipping-maintenance/lean-manufacturing/training-materials.html',3,88);

/*Table structure for table `table 4` */

DROP TABLE IF EXISTS `table 4`;

CREATE TABLE `table 4` (
  `name` varchar(41) DEFAULT NULL,
  `locator` varchar(41) DEFAULT NULL,
  `link` varchar(60) DEFAULT NULL,
  `rank` int(2) DEFAULT NULL,
  `category1_id` varchar(4) DEFAULT NULL
) ENGINE=InnoDB DEFAULT CHARSET=utf8;

/*Data for the table `table 4` */

insert  into `table 4`(`name`,`locator`,`link`,`rank`,`category1_id`) values ('Custom Traffic & Parking Signs','Custom Traffic & Parking Signs',' custom-products/custom-traffic-parking-signs.html',1,' 1 '),('Custom Signs','Custom Signs',' custom-products/custom-signs.html',2,' 1 '),('Custom Safety & Security Signs','Custom Safety & Security Signs',' custom-products/custom-safety-security-signs.html',3,' 1 '),('Custom Seals','Custom Seals',' custom-products/custom-seals.html',4,' 1 '),('Custom Labels','Custom Labels',' custom-products/custom-labels.html',5,' 1 '),('Custom Pipe Markers','Custom Pipe Markers',' custom-products/custom-pipe-markers.html',6,' 1 '),('Custom Tags','Custom Tags',' custom-products/custom-tags.html',7,' 1 '),('Custom Asset ID Labels','Custom Asset ID Labels',' custom-products/custom-asset-id-labels.html',8,' 1 '),('Custom Nameplates','Custom Nameplates',' custom-products/custom-nameplates.html',9,' 1 '),('Custom Tapes','Custom Tapes',' custom-products/custom-tapes.html',10,' 1 '),('Custom Parking Permits','Custom Parking Permits',' custom-products/custom-parking-permits.html',11,' 1 '),('Custom Valve Tags','Custom Valve Tags',' custom-products/custom-valve-tags.html',12,' 1 '),('More Custom Products','More Custom Products',' custom-products/more-custom-products.html',13,' 1 '),('Bar Coded/Non Bar Coded ID Tags','Bar Coded/Non Bar Coded ID Tags',' asset-tags/asset-id-tags-bar-code.html',1,' 2 '),('Tamper Evident Asset Tags','Tamper Evident Asset Tags',' asset-tags/tamper-evident.html',2,' 2 '),('Nameplates','Nameplates',' asset-tags/nameplates.html',3,' 2 '),('Asset Management Software/Hardware','Asset Management Software/Hardware',' asset-tags/asset-management-software-hardware.html',4,' 2 '),('Most Popular Asset Tags','Most Popular Asset Tags',' asset-tags/most-popular.html',5,' 2 '),('OSHA & Safety Labels & Decals','OSHA & Safety Labels & Decals',' labels-decals/osha-safety.html',1,' 3 '),('Inventory & Inspection Labels & Decals','Inventory & Inspection Labels & Decals',' labels-decals/inventory-inspection.html',2,' 3 '),('Printers & Supplies','Printers & Supplies',' labels-decals/printers-supplies.html',3,' 3 '),('Shipping & Transportation Labels & Decals','Shipping & Transportation Labels & Decals',' labels-decals/shipping-transportation.html',4,' 3 '),('Custom Labels & Decals','Custom Labels & Decals',' labels-decals/custom.html',5,' 3 '),('Parking Decals & Labels','Parking Decals & Labels',' labels-decals/parking-decals-labels.html',6,' 3 '),('Pipe Marker Labels','Pipe Marker Labels',' labels-decals/pipe-marker-labels.html',7,' 3 '),('Asset ID & Bar Code Labels','Asset ID & Bar Code Labels',' labels-decals/asset-id-barcode.html',8,' 3 '),('Custom Pipe Markers','Custom Pipe Markers',' pipe-markers-valve-tags/custom-pipe-markers.html',1,' 4 '),('Equipment Nameplates','Equipment Nameplates',' pipe-markers-valve-tags/equipment-nameplates.html',2,' 4 '),('Label Makers & Supplies','Label Makers & Supplies',' pipe-markers-valve-tags/label-makers-supplies.html',3,' 4 '),('Pipe Stencils & Supplies','Pipe Stencils & Supplies',' pipe-markers-valve-tags/stencils-supplies.html',4,' 4 '),('Pipe Markers','Pipe Markers',' pipe-markers-valve-tags/pipe-markers.html',5,' 4 '),('Valve Tags','Valve Tags',' pipe-markers-valve-tags/valve-tags.html',6,' 4 '),('Flammable Storage & Chemical Safety','Flammable Storage & Chemical Safety',' safety-security/flammable-storage.html',1,' 5 '),('Lockout & Electrical','Lockout & Electrical',' safety-security/lockout-electrical.html',2,' 5 '),('Seals & Tie Markers','Seals & Tie Markers',' safety-security/seals-tie-markers.html',3,' 5 '),('Safety','Safety',' safety-security/safety.html',4,' 5 '),('Badges & ID Management','Badges & ID Management',' safety-security/badges-id-management.html',5,' 5 '),('Security','Security',' safety-security/security.html',6,' 5 '),('Personal Protective Equipment','Personal Protective Equipment (PPE)',' safety-security/ppe-personal-protective-equipment.html',7,' 5 '),('First Aid','First Aid',' safety-security/first-aid.html',8,' 5 '),('Spill Response & Control','Spill Response & Control',' safety-security/spill-response-control.html',9,' 5 '),('Biohazard Response and Control','Biohazard Response and Control',' safety-security/biohazard-response-and-control.html',10,' 5 '),('Eyewash and Equipment','Eyewash and Equipment',' safety-security/eyewash-and-equipment.html',11,' 5 '),('Workplace Ergonomics','Workplace Ergonomics',' safety-security/workplace-ergonomics.html',12,' 5 '),('Traffic and Parking Signs','Traffic and Parking Signs',' signs/traffic-parking.html',1,' 6 '),('Eco-Friendly Safety Signs','Eco-Friendly Safety Signs',' signs/eco-friendly-safety-signs.html',2,' 6 '),('OSHA Safety Signs','OSHA Safety Signs',' signs/osha-safety-signs.html',3,' 6 '),('Office and Engraved Signs','Office and Engraved Signs',' signs/office-engraved.html',4,' 6 '),('Fire and Exit Signs','Fire and Exit Signs',' signs/fire-exit.html',5,' 6 '),('Sign Posts and Accessories','Sign Posts and Accessories',' signs/sign-posts-accessories.html',6,' 6 '),('Security Signs','Security Signs',' signs/security-signage.html',7,' 6 '),('Facility Signs','Facility Signs',' signs/facility-1.html',8,' 6 '),('Warehouse Signs','Warehouse Signs',' signs/warehouse-1.html',9,' 6 '),('Shipping and Truck Signs','Shipping and Truck Signs',' signs/shipping-truck-signs.html',10,' 6 '),('No Smoking Signs','No Smoking Signs',' signs/no-smoking.html',11,' 6 '),('First Aid Signs','First Aid Signs',' signs/first-aid.html',12,' 6 '),('Message Boards','Message Boards',' signs/message-boards.html',13,' 6 '),('Posters & Charts','Posters & Charts',' signs/posters-charts.html',14,' 6 '),('Mining Signs','Mining Signs',' signs/mining-signs.html',15,' 6 '),('Banners and Flags','Banners and Flags',' signs/banners-flags.html',16,' 6 '),('Asset Tags','Asset Tags',' tags/asset-tags.html',1,' 7 '),('OSHA & Safety Tags','OSHA & Safety Tags',' tags/osha-safety-tags.html',2,' 7 '),('Inspection Tags','Inspection Tags',' tags/inspection.html',3,' 7 '),('Blank Tags','Blank Tags',' tags/blank-1.html',4,' 7 '),('Inventory and Equipment Tags','Inventory and Equipment Tags',' tags/inventory-equipment.html',5,' 7 '),('Tag Fasteners & Holders','Tag Fasteners & Holders',' tags/tag-fasteners-holders.html',6,' 7 '),('Parking Tags','Parking Tags',' tags/parking-tags.html',7,' 7 '),('Custom Tags','Custom Tags',' tags/custom.html',8,' 7 '),('Valve Tags','Valve Tags',' tags/valve-tags.html',9,' 7 '),('Marking Tape & Flags','Marking Tape & Flags',' tapes/marking-tape-flags.html',1,' 8 '),('Barricade Tape','Barricade Tape',' tapes/barricade-tape.html',2,' 8 '),('Underground Utility Marking Tape','Underground Utility Marking Tape',' tapes/underground-utility-marking-tape.html',3,' 8 '),('Pipe Banding Tape','Pipe Banding Tape',' tapes/pipe-banding-tape.html',4,' 8 '),('Printer Tapes, Ribbons & Cartridges','Printer Tapes, Ribbons & Cartridges',' tapes/printer-tapes-ribbons-cartridges.html',5,' 8 '),('Traffic and Parking Signs','Traffic and Parking Signs',' traffic-parking-controls/traffic-parking-signs.html',1,' 9 '),('Sign Posts, Delineators and Bollards','Sign Posts, Delineators and Bollards',' traffic-parking-controls/posts-delineators-hardware.html',2,' 9 '),('Traffic Cones & Barricades','Traffic Cones & Barricades',' traffic-parking-controls/cones-barricades.html',3,' 9 '),('Parking Lot Supplies','Parking Lot Supplies',' traffic-parking-controls/parking-lot.html',4,' 9 '),('Pedestrian / Crosswalk Safety','Pedestrian / Crosswalk Safety',' traffic-parking-controls/pedestrian-crosswalk-safety.html',5,' 9 '),('Warehouse Products','Warehouse Products',' warehouse-shipping-maintenance/warehouse.html',1,' 10 '),('Shipping & Transportation Products','Shipping & Transportation Products',' warehouse-shipping-maintenance/shipping-transportation.html',2,' 10 '),('Maintenance & Supplies','Maintenance & Supplies',' warehouse-shipping-maintenance/maintenance-supplies.html',3,' 10 '),('Grounds','Grounds',' warehouse-shipping-maintenance/grounds.html',4,' 10 '),('Janitorial & Sanitation','Janitorial & Sanitation',' warehouse-shipping-maintenance/janitorial-supplies.html',5,' 10 '),('Material Handling','Material Handling',' warehouse-shipping-maintenance/material-handling.html',6,' 10 '),('Maintenance & Repair','Maintenance & Repair',' warehouse-shipping-maintenance/maintenance-repair.html',7,' 10 '),('Spill Control','Spill Control',' warehouse-shipping-maintenance/spill-control.html',8,' 10 '),('Lean Manufacturing','Lean Manufacturing',' warehouse-shipping-maintenance/lean-manufacturing.html',9,' 10 ');

/*Table structure for table `table 5` */

DROP TABLE IF EXISTS `table 5`;

CREATE TABLE `table 5` (
  `name` varchar(45) DEFAULT NULL,
  `locator` varchar(45) DEFAULT NULL,
  `link` varchar(99) DEFAULT NULL,
  `rank` int(1) DEFAULT NULL,
  `category2_id` int(2) DEFAULT NULL
) ENGINE=InnoDB DEFAULT CHARSET=utf8;

/*Data for the table `table 5` */

insert  into `table 5`(`name`,`locator`,`link`,`rank`,`category2_id`) values ('Custom School Zone Safety Signs','Custom School Zone Safety Signs',' custom-products/custom-traffic-parking-signs/custom-school-zone-safety-signs.html',1,1),('Custom Parking Signs','Custom Parking Signs',' custom-products/custom-traffic-parking-signs/custom-parking-signs.html',2,1),('Custom Traffic Cones & Signs','Custom Traffic Cones & Signs',' custom-products/custom-traffic-parking-signs/custom-traffic-cones-signs.html',3,1),('Custom Safety Signs','Custom Safety Signs',' custom-products/custom-signs/custom-safety-signs.html',1,2),('Custom Braille Signs','Custom Braille Signs',' custom-products/custom-signs/custom-braille-signs.html',2,2),('Custom Fire & Exit Signs','Custom Fire & Exit Signs',' custom-products/custom-signs/custom-fire-exit-signs.html',3,2),('Custom Workplace Signs','Custom Workplace Signs',' custom-products/custom-safety-security-signs/custom-workplace-signs.html',1,3),('Custom Security Signs','Custom Security Signs',' custom-products/custom-safety-security-signs/custom-security-signs.html',2,3),('Custom OSHA Signs','Custom OSHA Signs',' custom-products/custom-safety-security-signs/custom-osha-signs.html',3,3),('Custom Plastic Seals','Custom Plastic Seals',' custom-products/custom-seals/custom-plastic-seals.html',1,4),('Custom Wire Seals','Custom Wire Seals',' custom-products/custom-seals/wire-seals.html',2,4),('Custom Cable Seals','Custom Cable Seals',' custom-products/custom-seals/custom-cable-seals.html',3,4),('Custom Inventory Labels','Custom Inventory Labels',' custom-products/custom-labels/custom-inventory-labels.html',1,5),('Custom Specialty Labels','Custom Specialty Labels',' custom-products/custom-labels/custom-specialty-labels.html',2,5),('Custom OSHA Labels','Custom OSHA Labels',' custom-products/custom-labels/custom-osha-labels.html',3,5),('Custom Self-Adhesive Pipe Markers','Custom Self-Adhesive Pipe Markers',' custom-products/custom-pipe-markers/custom-self-adhesive-pipe-markers.html',1,6),('Custom Stencils','Custom Stencils',' custom-products/custom-pipe-markers/custom-stencils.html',2,6),('Custom Snap Around Pipe Markers','Custom Snap Around Pipe Markers',' custom-products/custom-pipe-markers/custom-snap-around-pipe-markers.html',3,6),('Custom OSHA Tags','Custom OSHA Tags',' custom-products/custom-tags/custom-osha-tags.html',1,7),('Custom Lockout Tags','Custom Lockout Tags',' custom-products/custom-tags/custom-lockout-tags.html',2,7),('Custom Valve Tags','Custom Valve Tags',' custom-products/custom-tags/custom-valve-tags.html',3,7),('Custom Bar Code Labels','Custom Bar Code Labels','custom-products/custom-asset-id-labels/custom-bar-code-labels.html',1,8),('Custom Duraguard Asset Tags','Custom Duraguard Asset Tags','custom-products/custom-asset-id-labels/custom-duraguard-asset-tags.html',2,8),('Custom Quickguard Asset Tags','Custom Quickguard Asset Tags','custom-products/custom-asset-id-labels/custom-quickguard-asset-tags.html',3,8),('Custom Stamped Valve Tags','Custom Stamped Valve Tags',' custom-products/custom-valve-tags/custom-stamped-valve-tags.html',1,12),('Custom Engraved Valve Tags','Custom Engraved Valve Tags',' custom-products/custom-valve-tags/custom-engraved-valve-tags.html',2,12),('Custom Wristbands','Custom Wristbands',' custom-products/more-custom-products/custom-wristbands.html',1,13),('Custom Floor Markers','Custom Floor Markers',' custom-products/more-custom-products/custom-floor-markers.html',2,13),('Custom Badges','Custom Badges',' custom-products/more-custom-products/custom-badges.html',3,13),('Bar Coded Asset Tags','Bar Coded Asset Tags',' asset-tags/asset-id-tags-bar-code/bar-coded.html',1,14),('Non Bar Coded Asset Tags','Non Bar Coded Asset Tags',' asset-tags/asset-id-tags-bar-code/non-bar-coded.html',2,14),('Software','Software',' asset-tags/asset-management-software-hardware/software.html',1,17),('Bar Code Scanners and Portable Data Terminals','Bar Code Scanners and Portable Data Terminals',' asset-tags/asset-management-software-hardware/scanners-portable-data-terminals.html',2,17),('Printers','Printers',' asset-tags/asset-management-software-hardware/printers.html',3,17),('OSHA Labels & Decals','OSHA Labels & Decals',' labels-decals/osha-safety/osha.html',1,19),('Safety Labels & Decals','Safety Labels & Decals',' labels-decals/osha-safety/safety.html',2,19),('Right-to-Know & HazCom Labels','Right-to-Know & HazCom Labels',' labels-decals/osha-safety/right-to-know-hazcom.html',3,19),('Inventory','Inventory',' labels-decals/inventory-inspection/inventory.html',1,20),('Calibration Labels','Calibration Labels',' labels-decals/inventory-inspection/calibration.html',2,20),('Maintenance & Service Labels','Maintenance & Service Labels',' labels-decals/inventory-inspection/maintenance-service-labels.html',3,20),('Ribbons, Cartridges & Tapes','Ribbons, Cartridges & Tapes',' labels-decals/printers-supplies/ribbons-cartridges-tapes.html',1,21),('Printers & Labeling Machines','Printers & Labeling Machines',' labels-decals/printers-supplies/printers-labeling-machines.html',2,21),('Printer Labels','Printer Labels',' labels-decals/printers-supplies/printer-labels.html',3,21),('Shipping','Shipping',' labels-decals/shipping-transportation/shipping.html',1,22),('Hazardous Materials','Hazardous Materials',' labels-decals/shipping-transportation/hazardous-material.html',2,22),('Roll-Form','Roll-Form',' labels-decals/custom/roll-form.html',1,23),('Harsh Environment','Harsh Environment',' labels-decals/custom/harsh-environment.html',2,23),('Decals','Decals',' labels-decals/custom/decals.html',3,23),('Custom Nameplates','Custom Nameplates',' pipe-markers-valve-tags/equipment-nameplates/custom.html',1,28),('Plastic Nameplates','Plastic Nameplates',' pipe-markers-valve-tags/equipment-nameplates/plastic.html',2,28),('Brass Nameplates','Brass Nameplates',' pipe-markers-valve-tags/equipment-nameplates/brass.html',3,28),('Self-Adhesive Pipe Markers','Self-Adhesive Pipe Markers',' pipe-markers-valve-tags/pipe-markers/self-adhesive.html',1,31),('Snap-Around Pipe Markers','Snap-Around Pipe Markers',' pipe-markers-valve-tags/pipe-markers/snap-around.html',2,31),('Custom Pipe Markers','Custom Pipe Markers',' pipe-markers-valve-tags/pipe-markers/custom.html',3,31),('Brass Valve Tags','Brass Valve Tags',' pipe-markers-valve-tags/valve-tags/brass.html',1,32),('Stainless Steel & Aluminum Valve Tags','Stainless Steel & Aluminum Valve Tags',' pipe-markers-valve-tags/valve-tags/stainless-steel-aluminum.html',2,32),('Plastic & Vinyl Valve Tags','Plastic & Vinyl Valve Tags',' pipe-markers-valve-tags/valve-tags/plastic-vinyl.html',3,32),('Labels','Labels',' safety-security/flammable-storage/labels.html',1,33),('Hazardous Storage & Transport','Hazardous Storage & Transport',' safety-security/flammable-storage/hazardous-storage-transport.html',2,33),('Tags','Tags',' safety-security/flammable-storage/tags.html',3,33),('Lockout & Electrical Labels','Lockout & Electrical Labels',' safety-security/lockout-electrical/labels.html',1,34),('Electrical Labels & Wire Markers','Electrical Labels & Wire Markers',' safety-security/lockout-electrical/electrical-labels-wire-markers.html',2,34),('Lockout Kits & Cabinets','Lockout Kits & Cabinets',' safety-security/lockout-electrical/lockout-kits-cabinets.html',3,34),('Indicative Seals','Indicative Seals',' safety-security/seals-tie-markers/indicative-seals.html',1,35),('Custom Seals','Custom Seals',' safety-security/seals-tie-markers/custom.html',2,35),('C-TPAT Seals','C-TPAT Seals',' safety-security/seals-tie-markers/c-tpat-seals.html',3,35),('Fire Extinguishers','Fire Extinguishers',' safety-security/safety/fire-extinguishers.html',1,36),('MSDS','MSDS',' safety-security/safety/msds.html',2,36),('Posters & Wallcharts','Posters & Wallcharts',' safety-security/safety/posters-wallcharts.html',3,36),('Badges & Name Tags','Badges & Name Tags',' safety-security/badges-id-management/badges-name-tags.html',1,37),('Badge Holders & Inserts','Badge Holders & Inserts',' safety-security/badges-id-management/badge-holders-inserts.html',2,37),('Visitor & Temporary Badges','Visitor & Temporary Badges',' safety-security/badges-id-management/visitor-badges-temporary-badges.html',3,37),('Permits','Permits',' safety-security/security/permits.html',1,38),('Mirrors','Mirrors',' safety-security/security/mirrors.html',2,38),('Key Control','Key Control',' safety-security/security/key-control.html',3,38),('Eye Protection','Eye Protection',' safety-security/ppe-personal-protective-equipment/safety-eyewear.html',1,39),('Hand Protection','Hand Protection',' safety-security/ppe-personal-protective-equipment/gloves.html',2,39),('Protective Clothing','Protective Clothing',' safety-security/ppe-personal-protective-equipment/protective-clothing.html',3,39),('First Aid Kits','First Aid Kits',' safety-security/first-aid/first-aid-kits.html',1,40),('First Aid Signs','First Aid Signs',' safety-security/first-aid/first-aid-signs.html',2,40),('First Aid Labels & Decals','First Aid Labels & Decals',' safety-security/first-aid/first-aid-labels-and-decals.html',3,40),('Spill Containment','Spill Containment',' safety-security/spill-response-control/spill-containment.html',1,41),('Spill Kits','Spill Kits',' safety-security/spill-response-control/spill-kits.html',2,41),('Enviro-Friendly','Enviro-Friendly',' safety-security/spill-response-control/enviro-friendly.html',3,41),('Biohazard Signs','Biohazard Signs',' safety-security/biohazard-response-and-control/biohazard-signs.html',1,42),('Biohazard Labels','Biohazard Labels',' safety-security/biohazard-response-and-control/biohazard-labels.html',2,42),('Bloodborne Pathogen Kits and Cleanup Kits','Bloodborne Pathogen Kits and Cleanup Kits',' safety-security/biohazard-response-and-control/bloodborne-pathogen-kits.html',3,42),('Eyewash Stations','Eyewash Stations',' safety-security/eyewash-and-equipment/eyewash-stations.html',1,43),('Drench Showers','Drench Showers',' safety-security/eyewash-and-equipment/drench-showers.html',2,43),('Eyewash Solutions','Eyewash Solutions',' safety-security/eyewash-and-equipment/eyewash-solutions.html',3,43),('No Parking Signs','No Parking Signs',' signs/traffic-parking/no-parking-signs.html',1,45),('Crosswalk Signs','Crosswalk Signs',' signs/traffic-parking/crosswalk-signs.html',2,45),('Stop Signs','Stop Signs',' signs/traffic-parking/stop-signs.html',3,45),('OSHA Header Signs','OSHA Header Signs',' signs/osha-safety-signs/osha-header-signs.html',1,47),('Bilingual/Universal Signs','Bilingual/Universal Signs',' signs/osha-safety-signs/blilingual-universal-signs.html',2,47),('Roadside & Jobsite Safety Signs','Roadside & Jobsite Safety Signs',' signs/osha-safety-signs/roadside-jobsite-safety-signs.html',3,47),('ADA Signs','ADA Signs',' signs/office-engraved/ada-signs.html',1,48),('Engraved Signs','Engraved Signs',' signs/office-engraved/engraved-signs.html',2,48),('Sign Frames & Holders','Sign Frames & Holders',' signs/office-engraved/engraved-signs.html',3,48),('Fire Equipment & Extinguisher Signs','Fire Equipment & Extinguisher Signs',' signs/fire-exit/fire-equipment-signs.html',1,49),('Evacuation Signs','Evacuation Signs',' signs/fire-exit/evacuation-signs.html',2,49),('Exit Signs','Exit Signs',' signs/fire-exit/exit-signs.html',3,49),('Sign Posts','Sign Posts',' signs/sign-posts-accessories/sign-posts.html',1,50),('Sign Hardware & Accessories','Sign Hardware & Accessories',' signs/sign-posts-accessories/sign-hardware-accessories.html',2,50),('Security Camera/Surveillance Signs','Security Camera/Surveillance Signs',' signs/security-signage/security-camera-surveillance-signs.html',1,51),('No Trespassing/Loitering Signs','No Trespassing/Loitering Signs',' signs/security-signage/no-trespassing-loitering-signs.html',2,51),('Evacuation Signs','Evacuation Signs',' signs/security-signage/evacuation-signs.html',3,51),('Floor Signs & Floor Stands','Floor Signs & Floor Stands',' signs/facility-1/floor-signs-floor-stands.html',1,52),('Housekeeping & Cafeteria Signs','Housekeeping & Cafeteria Signs',' signs/facility-1/housekeeping-cafeteria-signs.html',2,52),('Trash & Recycling Signs','Trash & Recycling Signs',' signs/facility-1/trash-recycling-dumpster-signs.html',3,52),('Letters & Numbers','Letters & Numbers',' signs/warehouse-1/letters-numbers.html',1,53),('Aisle & Pole Marking Signs','Aisle & Pole Marking Signs',' signs/warehouse-1/aisle-pole-marking-signs.html',2,53),('In-Plant Traffic Signs','In-Plant Traffic Signs',' signs/warehouse-1/in-plant-traffic-signs.html',3,53),('Vehicle Placards & Safety Signs','Vehicle Placards & Safety Signs',' signs/shipping-truck-signs/vehicle-placards-safety-signs.html',1,54),('Loading Dock Signs','Loading Dock Signs',' signs/shipping-truck-signs/loading-dock-signs.html',2,54),('Security Signs','Security Signs',' signs/shipping-truck-signs/security-signs.html',3,54),('No Smoking Signs','No Smoking Signs',' signs/no-smoking/no-smoking-signs.html',1,55),('Bilingual No Smoking Signs','Bilingual No Smoking Signs',' signs/no-smoking/bilingual.html',2,55),('Magnetic Boards & Accessories','Magnetic Boards & Accessories',' signs/message-boards/magnetic-boards-accessories.html',1,57),('Holders','Holders',' signs/message-boards/holders.html',2,57),('Custom Message Boards','Custom Message Boards',' signs/message-boards/custom.html',3,57),('Safety Posters & Charts','Safety Posters & Charts',' signs/posters-charts/safety.html',1,58),('Hazard/MSDS Posters & Charts','Hazard/MSDS Posters & Charts',' signs/posters-charts/hazard-msds.html',2,58),('Banners and Accessories','Banners and Accessories',' signs/banners-flags/banners.html',1,60),('Flags & Flag Poles','Flags & Flag Poles',' signs/banners-flags/flags-flag-poles.html',2,60),('Bar Coded/Non Bar Coded ID Tags','Bar Coded/Non Bar Coded ID Tags','asset-tags/asset-id-tags-bar-code.html',1,61),('Tamper Evident Asset Tags','Tamper Evident Asset Tags','asset-tags/tamper-evident.html',2,61),('Nameplates','Nameplates','asset-tags/nameplates.html',3,61),('Paper Tags','Paper Tags',' tags/blank-1/paper.html',1,64),('Tyvek Tags','Tyvek Tags',' tags/blank-1/tyvek.html',2,64),('Metal Tags','Metal Tags',' tags/blank-1/metal-1.html',3,64),('Envelopes','Envelopes',' tags/tag-fasteners-holders/envelopes.html',1,66),('Key Tags','Key Tags',' tags/tag-fasteners-holders/key-tags.html',2,66),('Tag Holders','Tag Holders',' tags/tag-fasteners-holders/tag-holders.html',3,66),('Floor/Aisle Marking Tape','Floor/Aisle Marking Tape',' tapes/marking-tape-flags/floor-aisle-marking-tape.html',1,70),('Flagging Tape, Flags & Pennants','Flagging Tape, Flags & Pennants',' tapes/marking-tape-flags/flagging-tape-flags-pennants.html',2,70),('Reflective & Luminous Tape','Reflective & Luminous Tape',' tapes/marking-tape-flags/reflective-luminous-tape.html',3,70),('Custom Printed Shipping Tape','Custom Printed Shipping Tape',' tapes/shipping-packing-tapes/custom.html',1,64),('Packing & Carton Sealing','Packing & Carton Sealing',' tapes/shipping-packing-tapes/packing-carton-sealing.html',2,64),('Standard Barricade Tape','Standard Barricade Tape',' tapes/barricade-tape/standard.html',1,71),('Custom Barricade Tape','Custom Barricade Tape',' tapes/barricade-tape/custom.html',2,71),('No Parking Signs','No Parking Signs',' traffic-parking-controls/traffic-parking-signs/no-parking-signs.html',1,75),('Stop Signs','Stop Signs',' traffic-parking-controls/traffic-parking-signs/stop-signs.html',2,75),('Traffic Signs','Traffic Signs',' traffic-parking-controls/traffic-parking-signs/traffic-signs.html',3,75),('Sign Posts','Sign Posts',' traffic-parking-controls/posts-delineators-hardware/sign-posts.html',1,76),('Delineators','Delineators',' traffic-parking-controls/posts-delineators-hardware/delineators.html',2,76),('Sign Mounting Hardware','Sign Mounting Hardware',' traffic-parking-controls/posts-delineators-hardware/sign-mounting-hardware.html',3,76),('Stanchions','Stanchions',' traffic-parking-controls/cones-barricades/stanchions.html',1,77),('Barricades','Barricades',' traffic-parking-controls/cones-barricades/barricades.html',2,77),('Barricade Tape','Barricade Tape',' traffic-parking-controls/cones-barricades/barricade-tape.html',3,77),('Speed Bumps, Humps & Curbs','Speed Bumps, Humps & Curbs',' traffic-parking-controls/parking-lot/speed-bumps-humps-curbs.html',1,78),('Cones & Accessories','Cones & Accessories',' traffic-parking-controls/parking-lot/cones-accessories.html',2,78),('Passes & Permits','Passes & Permits',' traffic-parking-controls/parking-lot/passes-permits.html',3,78),('Portable/Moveable Crosswalk Signs & Stands','Portable/Moveable Crosswalk Signs & Stands',' traffic-parking-controls/pedestrian-crosswalk-safety/portable-moveable-crosswalk-signs-stands.html',1,79),('Paddles & Vests','Paddles & Vests',' traffic-parking-controls/pedestrian-crosswalk-safety/paddles-vests.html',2,79),('Document Holders','Document Holders',' warehouse-shipping-maintenance/warehouse/document-holders.html',1,80),('Floor Marking','Floor Marking',' warehouse-shipping-maintenance/warehouse/floor-marking.html',2,80),('Mats & Carpets','Mats & Carpets',' warehouse-shipping-maintenance/warehouse/mats-carpets.html',3,80),('Labels','Labels',' warehouse-shipping-maintenance/shipping-transportation/labels.html',1,81),('Tape & Packaging','Tape & Packaging',' warehouse-shipping-maintenance/shipping-transportation/tape-packaging.html',2,81),('Strapping Kits & Accessories','Strapping Kits & Accessories',' warehouse-shipping-maintenance/shipping-transportation/strapping-kits-accessories.html',3,81),('Safety Cones','Safety Cones',' warehouse-shipping-maintenance/maintenance-supplies/safety-cones.html',1,82),('Floor Stands','Floor Stands',' warehouse-shipping-maintenance/maintenance-supplies/floor-stand-safety-cones.html',2,82),('Cleaning & Janitorial Supplies','Cleaning & Janitorial Supplies',' warehouse-shipping-maintenance/maintenance-supplies/cleaning-janitorial-supplies.html',3,82),('Trash Cans & Ash Receptacles','Trash Cans & Ash Receptacles',' warehouse-shipping-maintenance/grounds/trash-cans-ash-receptacles.html',1,83),('Outdoor Furniture and Fixtures','Outdoor Furniture and Fixtures',' warehouse-shipping-maintenance/grounds/outdoor-furniture-fixtures.html',2,83),('Trash & Recycling','Trash & Recycling',' warehouse-shipping-maintenance/janitorial-supplies/trash-recycling.html',1,84),('Cleaning Tools','Cleaning Tools',' warehouse-shipping-maintenance/janitorial-supplies/cleaning-tools.html',2,84),('Towels & Tissues','Towels & Tissues',' warehouse-shipping-maintenance/janitorial-supplies/towels-tissues.html',3,84),('Ladders & Steps','Ladders & Steps',' warehouse-shipping-maintenance/material-handling/ladders-platforms.html',1,85),('Carts and Trucks','Carts and Trucks',' warehouse-shipping-maintenance/material-handling/utility-stock-carts.html',2,85),('Workbenches & Tables','Workbenches & Tables',' warehouse-shipping-maintenance/material-handling/workbenches-tables.html',3,85),('Power Tools','Power Tools',' warehouse-shipping-maintenance/maintenance-repair/power-tools.html',1,86),('Hand Tools','Hand Tools',' warehouse-shipping-maintenance/maintenance-repair/hand-tools.html',2,86),('Chemicals, Lubricants & Paints','Chemicals, Lubricants & Paints',' warehouse-shipping-maintenance/maintenance-repair/chemicals-lubricants-paints.html',3,86),('5S','5S',' warehouse-shipping-maintenance/lean-manufacturing/5s.html',1,88),('Kanban','Kanban',' warehouse-shipping-maintenance/lean-manufacturing/kanban.html',2,88),('Training Materials','Training Materials',' warehouse-shipping-maintenance/lean-manufacturing/training-materials.html',3,88);

/*!40101 SET SQL_MODE=@OLD_SQL_MODE */;
/*!40014 SET FOREIGN_KEY_CHECKS=@OLD_FOREIGN_KEY_CHECKS */;
/*!40014 SET UNIQUE_CHECKS=@OLD_UNIQUE_CHECKS */;
/*!40111 SET SQL_NOTES=@OLD_SQL_NOTES */;
